article_id,markdown_path,image_count,asset_rights,review_note
wx-2247502696-1,docs/articles/2026/0474-wx-2247502696-1.md,4,pending_review,逐图核对来源、许可与再分发条件
wx-2247502695-1,docs/articles/2026/0473-wx-2247502695-1.md,5,pending_review,逐图核对来源、许可与再分发条件
wx-2247502694-1,docs/articles/2026/0472-wx-2247502694-1.md,5,pending_review,逐图核对来源、许可与再分发条件
wx-2247502693-1,docs/articles/2026/0471-wx-2247502693-1.md,6,pending_review,逐图核对来源、许可与再分发条件
wx-2247502692-1,docs/articles/2026/0470-wx-2247502692-1.md,4,pending_review,逐图核对来源、许可与再分发条件
wx-2247502691-1,docs/articles/2026/0469-wx-2247502691-1.md,5,pending_review,逐图核对来源、许可与再分发条件
wx-2247502690-1,docs/articles/2026/0468-wx-2247502690-1.md,3,pending_review,逐图核对来源、许可与再分发条件
wx-2247502689-1,docs/articles/2026/0467-wx-2247502689-1.md,5,pending_review,逐图核对来源、许可与再分发条件
wx-2247502627-1,docs/articles/2026/0466-wx-2247502627-1.md,4,pending_review,逐图核对来源、许可与再分发条件
wx-2247502618-1,docs/articles/2026/0465-wx-2247502618-1.md,5,pending_review,逐图核对来源、许可与再分发条件
wx-2247502617-1,docs/articles/2026/0464-wx-2247502617-1.md,5,pending_review,逐图核对来源、许可与再分发条件
wx-2247502616-1,docs/articles/2026/0463-wx-2247502616-1.md,3,pending_review,逐图核对来源、许可与再分发条件
wx-2247502615-1,docs/articles/2026/0462-wx-2247502615-1.md,5,pending_review,逐图核对来源、许可与再分发条件
wx-2247502614-1,docs/articles/2026/0461-wx-2247502614-1.md,5,pending_review,逐图核对来源、许可与再分发条件
wx-2247502613-1,docs/articles/2026/0460-wx-2247502613-1.md,5,pending_review,逐图核对来源、许可与再分发条件
wx-2247502612-1,docs/articles/2026/0459-wx-2247502612-1.md,6,pending_review,逐图核对来源、许可与再分发条件
wx-2247502603-1,docs/articles/2026/0458-wx-2247502603-1.md,5,pending_review,逐图核对来源、许可与再分发条件
wx-2247502602-1,docs/articles/2026/0457-wx-2247502602-1.md,3,pending_review,逐图核对来源、许可与再分发条件
wx-2247502601-1,docs/articles/2026/0456-wx-2247502601-1.md,6,pending_review,逐图核对来源、许可与再分发条件
wx-2247502515-1,docs/articles/2026/0455-wx-2247502515-1.md,6,pending_review,逐图核对来源、许可与再分发条件
wx-2247502505-1,docs/articles/2026/0454-wx-2247502505-1.md,6,pending_review,逐图核对来源、许可与再分发条件
wx-2247502504-1,docs/articles/2026/0453-wx-2247502504-1.md,5,pending_review,逐图核对来源、许可与再分发条件
wx-2247502503-1,docs/articles/2026/0452-wx-2247502503-1.md,5,pending_review,逐图核对来源、许可与再分发条件
wx-2247502502-1,docs/articles/2026/0451-wx-2247502502-1.md,4,pending_review,逐图核对来源、许可与再分发条件
wx-2247502501-1,docs/articles/2026/0450-wx-2247502501-1.md,5,pending_review,逐图核对来源、许可与再分发条件
wx-2247502459-1,docs/articles/2026/0449-wx-2247502459-1.md,4,pending_review,逐图核对来源、许可与再分发条件
wx-2247502458-1,docs/articles/2026/0448-wx-2247502458-1.md,4,pending_review,逐图核对来源、许可与再分发条件
wx-2247502457-1,docs/articles/2026/0447-wx-2247502457-1.md,5,pending_review,逐图核对来源、许可与再分发条件
wx-2247502456-1,docs/articles/2026/0446-wx-2247502456-1.md,5,pending_review,逐图核对来源、许可与再分发条件
wx-2247502455-1,docs/articles/2026/0445-wx-2247502455-1.md,3,pending_review,逐图核对来源、许可与再分发条件
wx-2247502454-1,docs/articles/2026/0444-wx-2247502454-1.md,6,pending_review,逐图核对来源、许可与再分发条件
wx-2247502453-1,docs/articles/2026/0443-wx-2247502453-1.md,12,pending_review,逐图核对来源、许可与再分发条件
wx-2247502452-1,docs/articles/2026/0442-wx-2247502452-1.md,9,pending_review,逐图核对来源、许可与再分发条件
wx-2247502451-1,docs/articles/2026/0441-wx-2247502451-1.md,11,pending_review,逐图核对来源、许可与再分发条件
wx-2247502362-1,docs/articles/2026/0440-wx-2247502362-1.md,6,pending_review,逐图核对来源、许可与再分发条件
wx-2247502361-1,docs/articles/2026/0439-wx-2247502361-1.md,6,pending_review,逐图核对来源、许可与再分发条件
wx-2247502360-1,docs/articles/2026/0438-wx-2247502360-1.md,10,pending_review,逐图核对来源、许可与再分发条件
wx-2247502359-1,docs/articles/2026/0437-wx-2247502359-1.md,6,pending_review,逐图核对来源、许可与再分发条件
wx-2247502358-1,docs/articles/2026/0436-wx-2247502358-1.md,6,pending_review,逐图核对来源、许可与再分发条件
wx-2247502348-1,docs/articles/2026/0435-wx-2247502348-1.md,6,pending_review,逐图核对来源、许可与再分发条件
wx-2247502307-1,docs/articles/2026/0434-wx-2247502307-1.md,3,pending_review,逐图核对来源、许可与再分发条件
wx-2247502306-1,docs/articles/2026/0433-wx-2247502306-1.md,11,pending_review,逐图核对来源、许可与再分发条件
wx-2247502305-1,docs/articles/2026/0432-wx-2247502305-1.md,8,pending_review,逐图核对来源、许可与再分发条件
wx-2247502304-1,docs/articles/2026/0431-wx-2247502304-1.md,5,pending_review,逐图核对来源、许可与再分发条件
wx-2247502303-1,docs/articles/2026/0430-wx-2247502303-1.md,7,pending_review,逐图核对来源、许可与再分发条件
wx-2247502302-1,docs/articles/2026/0429-wx-2247502302-1.md,9,pending_review,逐图核对来源、许可与再分发条件
wx-2247502293-1,docs/articles/2026/0428-wx-2247502293-1.md,7,pending_review,逐图核对来源、许可与再分发条件
wx-2247502203-1,docs/articles/2026/0427-wx-2247502203-1.md,6,pending_review,逐图核对来源、许可与再分发条件
wx-2247502193-1,docs/articles/2026/0426-wx-2247502193-1.md,6,pending_review,逐图核对来源、许可与再分发条件
wx-2247502189-1,docs/articles/2026/0425-wx-2247502189-1.md,5,pending_review,逐图核对来源、许可与再分发条件
wx-2247502188-1,docs/articles/2026/0424-wx-2247502188-1.md,5,pending_review,逐图核对来源、许可与再分发条件
wx-2247502187-1,docs/articles/2026/0423-wx-2247502187-1.md,8,pending_review,逐图核对来源、许可与再分发条件
wx-2247502179-1,docs/articles/2026/0422-wx-2247502179-1.md,7,pending_review,逐图核对来源、许可与再分发条件
wx-2247502127-1,docs/articles/2026/0421-wx-2247502127-1.md,33,pending_review,逐图核对来源、许可与再分发条件
wx-2247502105-1,docs/articles/2026/0420-wx-2247502105-1.md,41,pending_review,逐图核对来源、许可与再分发条件
wx-2247502104-1,docs/articles/2026/0419-wx-2247502104-1.md,36,pending_review,逐图核对来源、许可与再分发条件
wx-2247502067-1,docs/articles/2026/0418-wx-2247502067-1.md,43,pending_review,逐图核对来源、许可与再分发条件
wx-2247502022-1,docs/articles/2026/0417-wx-2247502022-1.md,31,pending_review,逐图核对来源、许可与再分发条件
wx-2247501936-1,docs/articles/2026/0416-wx-2247501936-1.md,38,pending_review,逐图核对来源、许可与再分发条件
wx-2247501824-1,docs/articles/2026/0415-wx-2247501824-1.md,31,pending_review,逐图核对来源、许可与再分发条件
wx-2247501692-1,docs/articles/2026/0414-wx-2247501692-1.md,30,pending_review,逐图核对来源、许可与再分发条件
wx-2247501658-1,docs/articles/2026/0413-wx-2247501658-1.md,41,pending_review,逐图核对来源、许可与再分发条件
wx-2247501613-1,docs/articles/2026/0412-wx-2247501613-1.md,29,pending_review,逐图核对来源、许可与再分发条件
wx-2247501580-1,docs/articles/2026/0411-wx-2247501580-1.md,28,pending_review,逐图核对来源、许可与再分发条件
wx-2247501548-1,docs/articles/2026/0410-wx-2247501548-1.md,32,pending_review,逐图核对来源、许可与再分发条件
wx-2247501512-1,docs/articles/2026/0409-wx-2247501512-1.md,29,pending_review,逐图核对来源、许可与再分发条件
wx-2247501479-1,docs/articles/2026/0408-wx-2247501479-1.md,29,pending_review,逐图核对来源、许可与再分发条件
wx-2247501446-1,docs/articles/2026/0407-wx-2247501446-1.md,29,pending_review,逐图核对来源、许可与再分发条件
wx-2247501413-1,docs/articles/2026/0406-wx-2247501413-1.md,33,pending_review,逐图核对来源、许可与再分发条件
wx-2247501376-1,docs/articles/2026/0405-wx-2247501376-1.md,37,pending_review,逐图核对来源、许可与再分发条件
wx-2247501375-1,docs/articles/2026/0404-wx-2247501375-1.md,34,pending_review,逐图核对来源、许可与再分发条件
wx-2247501297-1,docs/articles/2026/0403-wx-2247501297-1.md,33,pending_review,逐图核对来源、许可与再分发条件
wx-2247501260-1,docs/articles/2026/0402-wx-2247501260-1.md,36,pending_review,逐图核对来源、许可与再分发条件
wx-2247501220-1,docs/articles/2026/0401-wx-2247501220-1.md,46,pending_review,逐图核对来源、许可与再分发条件
wx-2247501170-1,docs/articles/2026/0400-wx-2247501170-1.md,29,pending_review,逐图核对来源、许可与再分发条件
wx-2247501137-1,docs/articles/2026/0399-wx-2247501137-1.md,40,pending_review,逐图核对来源、许可与再分发条件
wx-2247501093-1,docs/articles/2026/0398-wx-2247501093-1.md,0,pending_review,逐图核对来源、许可与再分发条件
wx-2247501092-1,docs/articles/2026/0397-wx-2247501092-1.md,31,pending_review,逐图核对来源、许可与再分发条件
wx-2247501057-1,docs/articles/2026/0396-wx-2247501057-1.md,35,pending_review,逐图核对来源、许可与再分发条件
wx-2247500899-1,docs/articles/2026/0395-wx-2247500899-1.md,34,pending_review,逐图核对来源、许可与再分发条件
wx-2247500861-1,docs/articles/2026/0394-wx-2247500861-1.md,42,pending_review,逐图核对来源、许可与再分发条件
wx-2247500815-1,docs/articles/2026/0393-wx-2247500815-1.md,30,pending_review,逐图核对来源、许可与再分发条件
wx-2247500781-1,docs/articles/2026/0392-wx-2247500781-1.md,43,pending_review,逐图核对来源、许可与再分发条件
wx-2247500734-1,docs/articles/2026/0391-wx-2247500734-1.md,39,pending_review,逐图核对来源、许可与再分发条件
wx-2247500691-1,docs/articles/2026/0390-wx-2247500691-1.md,34,pending_review,逐图核对来源、许可与再分发条件
wx-2247500653-1,docs/articles/2026/0389-wx-2247500653-1.md,41,pending_review,逐图核对来源、许可与再分发条件
wx-2247500608-1,docs/articles/2026/0388-wx-2247500608-1.md,41,pending_review,逐图核对来源、许可与再分发条件
wx-2247500563-1,docs/articles/2026/0387-wx-2247500563-1.md,32,pending_review,逐图核对来源、许可与再分发条件
wx-2247500527-1,docs/articles/2026/0386-wx-2247500527-1.md,31,pending_review,逐图核对来源、许可与再分发条件
wx-2247500492-1,docs/articles/2026/0385-wx-2247500492-1.md,35,pending_review,逐图核对来源、许可与再分发条件
wx-2247500453-1,docs/articles/2026/0384-wx-2247500453-1.md,32,pending_review,逐图核对来源、许可与再分发条件
wx-2247500417-1,docs/articles/2026/0383-wx-2247500417-1.md,36,pending_review,逐图核对来源、许可与再分发条件
wx-2247500377-1,docs/articles/2026/0382-wx-2247500377-1.md,31,pending_review,逐图核对来源、许可与再分发条件
wx-2247500292-1,docs/articles/2026/0381-wx-2247500292-1.md,41,pending_review,逐图核对来源、许可与再分发条件
wx-2247500247-1,docs/articles/2026/0380-wx-2247500247-1.md,33,pending_review,逐图核对来源、许可与再分发条件
wx-2247500210-1,docs/articles/2026/0379-wx-2247500210-1.md,31,pending_review,逐图核对来源、许可与再分发条件
wx-2247500175-1,docs/articles/2026/0378-wx-2247500175-1.md,33,pending_review,逐图核对来源、许可与再分发条件
wx-2247500138-1,docs/articles/2026/0377-wx-2247500138-1.md,42,pending_review,逐图核对来源、许可与再分发条件
wx-2247500092-1,docs/articles/2026/0376-wx-2247500092-1.md,42,pending_review,逐图核对来源、许可与再分发条件
wx-2247500046-1,docs/articles/2026/0375-wx-2247500046-1.md,32,pending_review,逐图核对来源、许可与再分发条件
wx-2247499946-1,docs/articles/2026/0374-wx-2247499946-1.md,30,pending_review,逐图核对来源、许可与再分发条件
wx-2247499912-1,docs/articles/2026/0373-wx-2247499912-1.md,36,pending_review,逐图核对来源、许可与再分发条件
wx-2247499872-1,docs/articles/2026/0372-wx-2247499872-1.md,39,pending_review,逐图核对来源、许可与再分发条件
wx-2247499790-1,docs/articles/2026/0371-wx-2247499790-1.md,33,pending_review,逐图核对来源、许可与再分发条件
wx-2247499753-1,docs/articles/2026/0370-wx-2247499753-1.md,34,pending_review,逐图核对来源、许可与再分发条件
wx-2247499715-1,docs/articles/2026/0369-wx-2247499715-1.md,34,pending_review,逐图核对来源、许可与再分发条件
wx-2247499638-1,docs/articles/2026/0368-wx-2247499638-1.md,37,pending_review,逐图核对来源、许可与再分发条件
wx-2247499637-1,docs/articles/2026/0367-wx-2247499637-1.md,31,pending_review,逐图核对来源、许可与再分发条件
wx-2247499562-1,docs/articles/2026/0366-wx-2247499562-1.md,33,pending_review,逐图核对来源、许可与再分发条件
wx-2247499459-1,docs/articles/2026/0365-wx-2247499459-1.md,38,pending_review,逐图核对来源、许可与再分发条件
wx-2247499417-1,docs/articles/2026/0364-wx-2247499417-1.md,35,pending_review,逐图核对来源、许可与再分发条件
wx-2247499378-1,docs/articles/2026/0363-wx-2247499378-1.md,30,pending_review,逐图核对来源、许可与再分发条件
wx-2247499344-1,docs/articles/2026/0362-wx-2247499344-1.md,35,pending_review,逐图核对来源、许可与再分发条件
wx-2247499305-1,docs/articles/2026/0361-wx-2247499305-1.md,32,pending_review,逐图核对来源、许可与再分发条件
wx-2247499269-1,docs/articles/2026/0360-wx-2247499269-1.md,32,pending_review,逐图核对来源、许可与再分发条件
wx-2247499233-1,docs/articles/2026/0359-wx-2247499233-1.md,32,pending_review,逐图核对来源、许可与再分发条件
wx-2247499197-1,docs/articles/2026/0358-wx-2247499197-1.md,34,pending_review,逐图核对来源、许可与再分发条件
wx-2247499159-1,docs/articles/2026/0357-wx-2247499159-1.md,32,pending_review,逐图核对来源、许可与再分发条件
wx-2247499123-1,docs/articles/2026/0356-wx-2247499123-1.md,36,pending_review,逐图核对来源、许可与再分发条件
wx-2247499083-1,docs/articles/2026/0355-wx-2247499083-1.md,36,pending_review,逐图核对来源、许可与再分发条件
wx-2247499043-1,docs/articles/2026/0354-wx-2247499043-1.md,36,pending_review,逐图核对来源、许可与再分发条件
wx-2247498987-1,docs/articles/2026/0353-wx-2247498987-1.md,41,pending_review,逐图核对来源、许可与再分发条件
wx-2247498942-1,docs/articles/2026/0352-wx-2247498942-1.md,34,pending_review,逐图核对来源、许可与再分发条件
wx-2247498904-1,docs/articles/2026/0351-wx-2247498904-1.md,30,pending_review,逐图核对来源、许可与再分发条件
wx-2247498870-1,docs/articles/2026/0350-wx-2247498870-1.md,38,pending_review,逐图核对来源、许可与再分发条件
wx-2247498828-1,docs/articles/2026/0349-wx-2247498828-1.md,34,pending_review,逐图核对来源、许可与再分发条件
wx-2247498790-1,docs/articles/2026/0348-wx-2247498790-1.md,40,pending_review,逐图核对来源、许可与再分发条件
wx-2247498746-1,docs/articles/2026/0347-wx-2247498746-1.md,36,pending_review,逐图核对来源、许可与再分发条件
wx-2247498706-1,docs/articles/2026/0346-wx-2247498706-1.md,35,pending_review,逐图核对来源、许可与再分发条件
wx-2247498705-1,docs/articles/2026/0345-wx-2247498705-1.md,29,pending_review,逐图核对来源、许可与再分发条件
wx-2247498634-1,docs/articles/2026/0344-wx-2247498634-1.md,43,pending_review,逐图核对来源、许可与再分发条件
wx-2247498587-1,docs/articles/2026/0343-wx-2247498587-1.md,8,pending_review,逐图核对来源、许可与再分发条件
wx-2247498553-1,docs/articles/2026/0342-wx-2247498553-1.md,12,pending_review,逐图核对来源、许可与再分发条件
wx-2247498552-1,docs/articles/2026/0341-wx-2247498552-1.md,6,pending_review,逐图核对来源、许可与再分发条件
wx-2247498483-1,docs/articles/2026/0340-wx-2247498483-1.md,11,pending_review,逐图核对来源、许可与再分发条件
wx-2247498446-1,docs/articles/2026/0339-wx-2247498446-1.md,11,pending_review,逐图核对来源、许可与再分发条件
wx-2247498409-1,docs/articles/2026/0338-wx-2247498409-1.md,13,pending_review,逐图核对来源、许可与再分发条件
wx-2247498370-1,docs/articles/2026/0337-wx-2247498370-1.md,9,pending_review,逐图核对来源、许可与再分发条件
wx-2247498335-1,docs/articles/2026/0336-wx-2247498335-1.md,9,pending_review,逐图核对来源、许可与再分发条件
wx-2247498334-1,docs/articles/2026/0335-wx-2247498334-1.md,18,pending_review,逐图核对来源、许可与再分发条件
wx-2247498256-1,docs/articles/2026/0334-wx-2247498256-1.md,9,pending_review,逐图核对来源、许可与再分发条件
wx-2247498221-1,docs/articles/2026/0333-wx-2247498221-1.md,12,pending_review,逐图核对来源、许可与再分发条件
wx-2247498183-1,docs/articles/2026/0332-wx-2247498183-1.md,6,pending_review,逐图核对来源、许可与再分发条件
wx-2247498151-1,docs/articles/2026/0331-wx-2247498151-1.md,12,pending_review,逐图核对来源、许可与再分发条件
wx-2247498150-1,docs/articles/2026/0330-wx-2247498150-1.md,11,pending_review,逐图核对来源、许可与再分发条件
wx-2247498076-1,docs/articles/2026/0329-wx-2247498076-1.md,10,pending_review,逐图核对来源、许可与再分发条件
wx-2247498040-1,docs/articles/2026/0328-wx-2247498040-1.md,10,pending_review,逐图核对来源、许可与再分发条件
wx-2247498004-1,docs/articles/2026/0327-wx-2247498004-1.md,7,pending_review,逐图核对来源、许可与再分发条件
wx-2247497971-1,docs/articles/2026/0326-wx-2247497971-1.md,9,pending_review,逐图核对来源、许可与再分发条件
wx-2247497936-1,docs/articles/2026/0325-wx-2247497936-1.md,14,pending_review,逐图核对来源、许可与再分发条件
wx-2247497896-1,docs/articles/2026/0324-wx-2247497896-1.md,10,pending_review,逐图核对来源、许可与再分发条件
wx-2247497831-1,docs/articles/2026/0323-wx-2247497831-1.md,14,pending_review,逐图核对来源、许可与再分发条件
wx-2247497796-1,docs/articles/2026/0322-wx-2247497796-1.md,7,pending_review,逐图核对来源、许可与再分发条件
wx-2247497728-1,docs/articles/2026/0321-wx-2247497728-1.md,13,pending_review,逐图核对来源、许可与再分发条件
wx-2247497625-1,docs/articles/2026/0320-wx-2247497625-1.md,4,pending_review,逐图核对来源、许可与再分发条件
wx-2247497568-1,docs/articles/2026/0319-wx-2247497568-1.md,12,pending_review,逐图核对来源、许可与再分发条件
wx-2247497475-1,docs/articles/2026/0318-wx-2247497475-1.md,9,pending_review,逐图核对来源、许可与再分发条件
wx-2247497372-1,docs/articles/2026/0317-wx-2247497372-1.md,11,pending_review,逐图核对来源、许可与再分发条件
wx-2247497280-1,docs/articles/2026/0316-wx-2247497280-1.md,10,pending_review,逐图核对来源、许可与再分发条件
wx-2247497249-1,docs/articles/2026/0315-wx-2247497249-1.md,11,pending_review,逐图核对来源、许可与再分发条件
wx-2247497216-1,docs/articles/2026/0314-wx-2247497216-1.md,8,pending_review,逐图核对来源、许可与再分发条件
wx-2247497185-1,docs/articles/2026/0313-wx-2247497185-1.md,8,pending_review,逐图核对来源、许可与再分发条件
wx-2247497155-1,docs/articles/2026/0312-wx-2247497155-1.md,9,pending_review,逐图核对来源、许可与再分发条件
wx-2247497126-1,docs/articles/2026/0311-wx-2247497126-1.md,9,pending_review,逐图核对来源、许可与再分发条件
wx-2247496958-1,docs/articles/2025/0310-wx-2247496958-1.md,20,pending_review,逐图核对来源、许可与再分发条件
wx-2247496810-1,docs/articles/2025/0309-wx-2247496810-1.md,9,pending_review,逐图核对来源、许可与再分发条件
wx-2247496779-1,docs/articles/2025/0308-wx-2247496779-1.md,13,pending_review,逐图核对来源、许可与再分发条件
wx-2247496747-1,docs/articles/2025/0307-wx-2247496747-1.md,14,pending_review,逐图核对来源、许可与再分发条件
wx-2247496712-1,docs/articles/2025/0306-wx-2247496712-1.md,20,pending_review,逐图核对来源、许可与再分发条件
wx-2247496675-1,docs/articles/2025/0305-wx-2247496675-1.md,9,pending_review,逐图核对来源、许可与再分发条件
wx-2247496460-1,docs/articles/2025/0304-wx-2247496460-1.md,11,pending_review,逐图核对来源、许可与再分发条件
wx-2247496356-1,docs/articles/2025/0303-wx-2247496356-1.md,19,pending_review,逐图核对来源、许可与再分发条件
wx-2247496279-1,docs/articles/2025/0302-wx-2247496279-1.md,11,pending_review,逐图核对来源、许可与再分发条件
wx-2247496214-1,docs/articles/2025/0301-wx-2247496214-1.md,12,pending_review,逐图核对来源、许可与再分发条件
wx-2247496144-1,docs/articles/2025/0300-wx-2247496144-1.md,12,pending_review,逐图核对来源、许可与再分发条件
wx-2247496106-1,docs/articles/2025/0299-wx-2247496106-1.md,10,pending_review,逐图核对来源、许可与再分发条件
wx-2247496039-1,docs/articles/2025/0298-wx-2247496039-1.md,14,pending_review,逐图核对来源、许可与再分发条件
wx-2247495966-1,docs/articles/2025/0297-wx-2247495966-1.md,17,pending_review,逐图核对来源、许可与再分发条件
wx-2247495923-1,docs/articles/2025/0296-wx-2247495923-1.md,19,pending_review,逐图核对来源、许可与再分发条件
wx-2247495878-1,docs/articles/2025/0295-wx-2247495878-1.md,12,pending_review,逐图核对来源、许可与再分发条件
wx-2247495840-1,docs/articles/2025/0294-wx-2247495840-1.md,14,pending_review,逐图核对来源、许可与再分发条件
wx-2247495769-1,docs/articles/2025/0293-wx-2247495769-1.md,12,pending_review,逐图核对来源、许可与再分发条件
wx-2247495730-1,docs/articles/2025/0292-wx-2247495730-1.md,12,pending_review,逐图核对来源、许可与再分发条件
wx-2247495692-1,docs/articles/2025/0291-wx-2247495692-1.md,13,pending_review,逐图核对来源、许可与再分发条件
wx-2247495620-1,docs/articles/2025/0290-wx-2247495620-1.md,15,pending_review,逐图核对来源、许可与再分发条件
wx-2247495579-1,docs/articles/2025/0289-wx-2247495579-1.md,13,pending_review,逐图核对来源、许可与再分发条件
wx-2247495540-1,docs/articles/2025/0288-wx-2247495540-1.md,10,pending_review,逐图核对来源、许可与再分发条件
wx-2247495504-1,docs/articles/2025/0287-wx-2247495504-1.md,11,pending_review,逐图核对来源、许可与再分发条件
wx-2247495473-1,docs/articles/2025/0286-wx-2247495473-1.md,10,pending_review,逐图核对来源、许可与再分发条件
wx-2247495374-1,docs/articles/2025/0285-wx-2247495374-1.md,7,pending_review,逐图核对来源、许可与再分发条件
wx-2247495341-1,docs/articles/2025/0284-wx-2247495341-1.md,12,pending_review,逐图核对来源、许可与再分发条件
wx-2247495303-1,docs/articles/2025/0283-wx-2247495303-1.md,10,pending_review,逐图核对来源、许可与再分发条件
wx-2247495236-1,docs/articles/2025/0282-wx-2247495236-1.md,9,pending_review,逐图核对来源、许可与再分发条件
wx-2247495172-1,docs/articles/2025/0281-wx-2247495172-1.md,4,pending_review,逐图核对来源、许可与再分发条件
wx-2247495116-1,docs/articles/2025/0280-wx-2247495116-1.md,12,pending_review,逐图核对来源、许可与再分发条件
wx-2247495045-1,docs/articles/2025/0279-wx-2247495045-1.md,7,pending_review,逐图核对来源、许可与再分发条件
wx-2247494984-1,docs/articles/2025/0278-wx-2247494984-1.md,9,pending_review,逐图核对来源、许可与再分发条件
wx-2247494921-1,docs/articles/2025/0277-wx-2247494921-1.md,24,pending_review,逐图核对来源、许可与再分发条件
wx-2247494871-1,docs/articles/2025/0276-wx-2247494871-1.md,29,pending_review,逐图核对来源、许可与再分发条件
wx-2247494779-1,docs/articles/2025/0275-wx-2247494779-1.md,15,pending_review,逐图核对来源、许可与再分发条件
wx-2247494710-1,docs/articles/2025/0274-wx-2247494710-1.md,8,pending_review,逐图核对来源、许可与再分发条件
wx-2247494676-1,docs/articles/2025/0273-wx-2247494676-1.md,19,pending_review,逐图核对来源、许可与再分发条件
wx-2247494631-1,docs/articles/2025/0272-wx-2247494631-1.md,5,pending_review,逐图核对来源、许可与再分发条件
wx-2247494600-1,docs/articles/2025/0271-wx-2247494600-1.md,12,pending_review,逐图核对来源、许可与再分发条件
wx-2247494562-1,docs/articles/2025/0270-wx-2247494562-1.md,10,pending_review,逐图核对来源、许可与再分发条件
wx-2247494526-1,docs/articles/2025/0269-wx-2247494526-1.md,6,pending_review,逐图核对来源、许可与再分发条件
wx-2247494494-1,docs/articles/2025/0268-wx-2247494494-1.md,7,pending_review,逐图核对来源、许可与再分发条件
wx-2247494461-1,docs/articles/2025/0267-wx-2247494461-1.md,10,pending_review,逐图核对来源、许可与再分发条件
wx-2247494425-1,docs/articles/2025/0266-wx-2247494425-1.md,11,pending_review,逐图核对来源、许可与再分发条件
wx-2247494321-1,docs/articles/2025/0265-wx-2247494321-1.md,10,pending_review,逐图核对来源、许可与再分发条件
wx-2247494254-1,docs/articles/2025/0264-wx-2247494254-1.md,19,pending_review,逐图核对来源、许可与再分发条件
wx-2247494209-1,docs/articles/2025/0263-wx-2247494209-1.md,15,pending_review,逐图核对来源、许可与再分发条件
wx-2247494168-1,docs/articles/2025/0262-wx-2247494168-1.md,9,pending_review,逐图核对来源、许可与再分发条件
wx-2247494133-1,docs/articles/2025/0261-wx-2247494133-1.md,7,pending_review,逐图核对来源、许可与再分发条件
wx-2247494100-1,docs/articles/2025/0260-wx-2247494100-1.md,8,pending_review,逐图核对来源、许可与再分发条件
wx-2247494066-1,docs/articles/2025/0259-wx-2247494066-1.md,9,pending_review,逐图核对来源、许可与再分发条件
wx-2247494031-1,docs/articles/2025/0258-wx-2247494031-1.md,8,pending_review,逐图核对来源、许可与再分发条件
wx-2247493997-1,docs/articles/2025/0257-wx-2247493997-1.md,16,pending_review,逐图核对来源、许可与再分发条件
wx-2247493955-1,docs/articles/2025/0256-wx-2247493955-1.md,11,pending_review,逐图核对来源、许可与再分发条件
wx-2247493918-1,docs/articles/2025/0255-wx-2247493918-1.md,15,pending_review,逐图核对来源、许可与再分发条件
wx-2247493877-1,docs/articles/2025/0254-wx-2247493877-1.md,17,pending_review,逐图核对来源、许可与再分发条件
wx-2247493834-1,docs/articles/2025/0253-wx-2247493834-1.md,16,pending_review,逐图核对来源、许可与再分发条件
wx-2247493792-1,docs/articles/2025/0252-wx-2247493792-1.md,34,pending_review,逐图核对来源、许可与再分发条件
wx-2247493732-1,docs/articles/2025/0251-wx-2247493732-1.md,9,pending_review,逐图核对来源、许可与再分发条件
wx-2247493697-1,docs/articles/2025/0250-wx-2247493697-1.md,9,pending_review,逐图核对来源、许可与再分发条件
wx-2247493662-1,docs/articles/2025/0249-wx-2247493662-1.md,7,pending_review,逐图核对来源、许可与再分发条件
wx-2247493629-1,docs/articles/2025/0248-wx-2247493629-1.md,24,pending_review,逐图核对来源、许可与再分发条件
wx-2247493579-1,docs/articles/2025/0247-wx-2247493579-1.md,8,pending_review,逐图核对来源、许可与再分发条件
wx-2247493545-1,docs/articles/2025/0246-wx-2247493545-1.md,26,pending_review,逐图核对来源、许可与再分发条件
wx-2247493493-1,docs/articles/2025/0245-wx-2247493493-1.md,19,pending_review,逐图核对来源、许可与再分发条件
wx-2247493448-1,docs/articles/2025/0244-wx-2247493448-1.md,17,pending_review,逐图核对来源、许可与再分发条件
wx-2247493405-1,docs/articles/2025/0243-wx-2247493405-1.md,6,pending_review,逐图核对来源、许可与再分发条件
wx-2247493373-1,docs/articles/2025/0242-wx-2247493373-1.md,17,pending_review,逐图核对来源、许可与再分发条件
wx-2247493331-1,docs/articles/2025/0241-wx-2247493331-1.md,12,pending_review,逐图核对来源、许可与再分发条件
wx-2247493263-1,docs/articles/2025/0240-wx-2247493263-1.md,15,pending_review,逐图核对来源、许可与再分发条件
wx-2247493222-1,docs/articles/2025/0239-wx-2247493222-1.md,6,pending_review,逐图核对来源、许可与再分发条件
wx-2247493190-1,docs/articles/2025/0238-wx-2247493190-1.md,11,pending_review,逐图核对来源、许可与再分发条件
wx-2247493124-1,docs/articles/2025/0237-wx-2247493124-1.md,7,pending_review,逐图核对来源、许可与再分发条件
wx-2247493064-1,docs/articles/2025/0236-wx-2247493064-1.md,9,pending_review,逐图核对来源、许可与再分发条件
wx-2247493029-1,docs/articles/2025/0235-wx-2247493029-1.md,13,pending_review,逐图核对来源、许可与再分发条件
wx-2247492990-1,docs/articles/2025/0234-wx-2247492990-1.md,22,pending_review,逐图核对来源、许可与再分发条件
wx-2247492942-1,docs/articles/2025/0233-wx-2247492942-1.md,16,pending_review,逐图核对来源、许可与再分发条件
wx-2247492900-1,docs/articles/2025/0232-wx-2247492900-1.md,11,pending_review,逐图核对来源、许可与再分发条件
wx-2247492863-1,docs/articles/2025/0231-wx-2247492863-1.md,13,pending_review,逐图核对来源、许可与再分发条件
wx-2247492792-1,docs/articles/2025/0230-wx-2247492792-1.md,17,pending_review,逐图核对来源、许可与再分发条件
wx-2247492749-1,docs/articles/2025/0229-wx-2247492749-1.md,15,pending_review,逐图核对来源、许可与再分发条件
wx-2247492708-1,docs/articles/2025/0228-wx-2247492708-1.md,13,pending_review,逐图核对来源、许可与再分发条件
wx-2247492668-1,docs/articles/2025/0227-wx-2247492668-1.md,12,pending_review,逐图核对来源、许可与再分发条件
wx-2247492632-1,docs/articles/2025/0226-wx-2247492632-1.md,14,pending_review,逐图核对来源、许可与再分发条件
wx-2247492592-1,docs/articles/2025/0225-wx-2247492592-1.md,16,pending_review,逐图核对来源、许可与再分发条件
wx-2247492550-1,docs/articles/2025/0224-wx-2247492550-1.md,17,pending_review,逐图核对来源、许可与再分发条件
wx-2247492507-1,docs/articles/2025/0223-wx-2247492507-1.md,17,pending_review,逐图核对来源、许可与再分发条件
wx-2247492464-1,docs/articles/2025/0222-wx-2247492464-1.md,8,pending_review,逐图核对来源、许可与再分发条件
wx-2247492430-1,docs/articles/2025/0221-wx-2247492430-1.md,6,pending_review,逐图核对来源、许可与再分发条件
wx-2247492398-1,docs/articles/2025/0220-wx-2247492398-1.md,15,pending_review,逐图核对来源、许可与再分发条件
wx-2247492356-1,docs/articles/2025/0219-wx-2247492356-1.md,18,pending_review,逐图核对来源、许可与再分发条件
wx-2247492287-1,docs/articles/2025/0218-wx-2247492287-1.md,10,pending_review,逐图核对来源、许可与再分发条件
wx-2247492251-1,docs/articles/2025/0217-wx-2247492251-1.md,21,pending_review,逐图核对来源、许可与再分发条件
wx-2247492250-1,docs/articles/2025/0216-wx-2247492250-1.md,9,pending_review,逐图核对来源、许可与再分发条件
wx-2247492169-1,docs/articles/2025/0215-wx-2247492169-1.md,12,pending_review,逐图核对来源、许可与再分发条件
wx-2247492131-1,docs/articles/2025/0214-wx-2247492131-1.md,15,pending_review,逐图核对来源、许可与再分发条件
wx-2247492090-1,docs/articles/2025/0213-wx-2247492090-1.md,8,pending_review,逐图核对来源、许可与再分发条件
wx-2247492056-1,docs/articles/2025/0212-wx-2247492056-1.md,20,pending_review,逐图核对来源、许可与再分发条件
wx-2247492010-1,docs/articles/2025/0211-wx-2247492010-1.md,12,pending_review,逐图核对来源、许可与再分发条件
wx-2247491972-1,docs/articles/2025/0210-wx-2247491972-1.md,17,pending_review,逐图核对来源、许可与再分发条件
wx-2247491929-1,docs/articles/2025/0209-wx-2247491929-1.md,16,pending_review,逐图核对来源、许可与再分发条件
wx-2247491887-1,docs/articles/2025/0208-wx-2247491887-1.md,22,pending_review,逐图核对来源、许可与再分发条件
wx-2247491839-1,docs/articles/2025/0207-wx-2247491839-1.md,14,pending_review,逐图核对来源、许可与再分发条件
wx-2247491838-1,docs/articles/2025/0206-wx-2247491838-1.md,11,pending_review,逐图核对来源、许可与再分发条件
wx-2247491762-1,docs/articles/2025/0205-wx-2247491762-1.md,14,pending_review,逐图核对来源、许可与再分发条件
wx-2247491722-1,docs/articles/2025/0204-wx-2247491722-1.md,6,pending_review,逐图核对来源、许可与再分发条件
wx-2247491690-1,docs/articles/2025/0203-wx-2247491690-1.md,10,pending_review,逐图核对来源、许可与再分发条件
wx-2247491654-1,docs/articles/2025/0202-wx-2247491654-1.md,22,pending_review,逐图核对来源、许可与再分发条件
wx-2247491606-1,docs/articles/2025/0201-wx-2247491606-1.md,8,pending_review,逐图核对来源、许可与再分发条件
wx-2247491572-1,docs/articles/2025/0200-wx-2247491572-1.md,12,pending_review,逐图核对来源、许可与再分发条件
wx-2247491534-1,docs/articles/2025/0199-wx-2247491534-1.md,10,pending_review,逐图核对来源、许可与再分发条件
wx-2247491498-1,docs/articles/2025/0198-wx-2247491498-1.md,10,pending_review,逐图核对来源、许可与再分发条件
wx-2247491462-1,docs/articles/2025/0197-wx-2247491462-1.md,9,pending_review,逐图核对来源、许可与再分发条件
wx-2247491426-1,docs/articles/2025/0196-wx-2247491426-1.md,18,pending_review,逐图核对来源、许可与再分发条件
wx-2247491382-1,docs/articles/2025/0195-wx-2247491382-1.md,7,pending_review,逐图核对来源、许可与再分发条件
wx-2247491349-1,docs/articles/2025/0194-wx-2247491349-1.md,13,pending_review,逐图核对来源、许可与再分发条件
wx-2247491310-1,docs/articles/2025/0193-wx-2247491310-1.md,14,pending_review,逐图核对来源、许可与再分发条件
wx-2247491270-1,docs/articles/2025/0192-wx-2247491270-1.md,7,pending_review,逐图核对来源、许可与再分发条件
wx-2247491237-1,docs/articles/2025/0191-wx-2247491237-1.md,12,pending_review,逐图核对来源、许可与再分发条件
wx-2247491199-1,docs/articles/2025/0190-wx-2247491199-1.md,9,pending_review,逐图核对来源、许可与再分发条件
wx-2247491164-1,docs/articles/2025/0189-wx-2247491164-1.md,16,pending_review,逐图核对来源、许可与再分发条件
wx-2247491122-1,docs/articles/2025/0188-wx-2247491122-1.md,16,pending_review,逐图核对来源、许可与再分发条件
wx-2247491044-1,docs/articles/2025/0187-wx-2247491044-1.md,12,pending_review,逐图核对来源、许可与再分发条件
wx-2247491006-1,docs/articles/2025/0186-wx-2247491006-1.md,13,pending_review,逐图核对来源、许可与再分发条件
wx-2247490967-1,docs/articles/2025/0185-wx-2247490967-1.md,16,pending_review,逐图核对来源、许可与再分发条件
wx-2247490925-1,docs/articles/2025/0184-wx-2247490925-1.md,19,pending_review,逐图核对来源、许可与再分发条件
wx-2247490880-1,docs/articles/2025/0183-wx-2247490880-1.md,10,pending_review,逐图核对来源、许可与再分发条件
wx-2247490844-1,docs/articles/2025/0182-wx-2247490844-1.md,11,pending_review,逐图核对来源、许可与再分发条件
wx-2247490807-1,docs/articles/2025/0181-wx-2247490807-1.md,7,pending_review,逐图核对来源、许可与再分发条件
wx-2247490774-1,docs/articles/2025/0180-wx-2247490774-1.md,13,pending_review,逐图核对来源、许可与再分发条件
wx-2247490735-1,docs/articles/2025/0179-wx-2247490735-1.md,7,pending_review,逐图核对来源、许可与再分发条件
wx-2247490702-1,docs/articles/2025/0178-wx-2247490702-1.md,11,pending_review,逐图核对来源、许可与再分发条件
wx-2247490665-1,docs/articles/2025/0177-wx-2247490665-1.md,11,pending_review,逐图核对来源、许可与再分发条件
wx-2247490627-1,docs/articles/2025/0176-wx-2247490627-1.md,12,pending_review,逐图核对来源、许可与再分发条件
wx-2247490589-1,docs/articles/2025/0175-wx-2247490589-1.md,6,pending_review,逐图核对来源、许可与再分发条件
wx-2247490557-1,docs/articles/2025/0174-wx-2247490557-1.md,10,pending_review,逐图核对来源、许可与再分发条件
wx-2247490521-1,docs/articles/2025/0173-wx-2247490521-1.md,9,pending_review,逐图核对来源、许可与再分发条件
wx-2247490486-1,docs/articles/2025/0172-wx-2247490486-1.md,18,pending_review,逐图核对来源、许可与再分发条件
wx-2247490442-1,docs/articles/2025/0171-wx-2247490442-1.md,23,pending_review,逐图核对来源、许可与再分发条件
wx-2247490393-1,docs/articles/2025/0170-wx-2247490393-1.md,16,pending_review,逐图核对来源、许可与再分发条件
wx-2247490392-1,docs/articles/2025/0169-wx-2247490392-1.md,9,pending_review,逐图核对来源、许可与再分发条件
wx-2247490391-1,docs/articles/2025/0168-wx-2247490391-1.md,11,pending_review,逐图核对来源、许可与再分发条件
wx-2247490315-1,docs/articles/2025/0167-wx-2247490315-1.md,17,pending_review,逐图核对来源、许可与再分发条件
wx-2247490236-1,docs/articles/2025/0166-wx-2247490236-1.md,9,pending_review,逐图核对来源、许可与再分发条件
wx-2247490201-1,docs/articles/2025/0165-wx-2247490201-1.md,10,pending_review,逐图核对来源、许可与再分发条件
wx-2247490165-1,docs/articles/2025/0164-wx-2247490165-1.md,9,pending_review,逐图核对来源、许可与再分发条件
wx-2247490130-1,docs/articles/2025/0163-wx-2247490130-1.md,11,pending_review,逐图核对来源、许可与再分发条件
wx-2247490093-1,docs/articles/2025/0162-wx-2247490093-1.md,9,pending_review,逐图核对来源、许可与再分发条件
wx-2247490058-1,docs/articles/2025/0161-wx-2247490058-1.md,17,pending_review,逐图核对来源、许可与再分发条件
wx-2247490015-1,docs/articles/2025/0160-wx-2247490015-1.md,15,pending_review,逐图核对来源、许可与再分发条件
wx-2247489974-1,docs/articles/2025/0159-wx-2247489974-1.md,18,pending_review,逐图核对来源、许可与再分发条件
wx-2247489930-1,docs/articles/2025/0158-wx-2247489930-1.md,20,pending_review,逐图核对来源、许可与再分发条件
wx-2247489884-1,docs/articles/2025/0157-wx-2247489884-1.md,14,pending_review,逐图核对来源、许可与再分发条件
wx-2247489844-1,docs/articles/2025/0156-wx-2247489844-1.md,12,pending_review,逐图核对来源、许可与再分发条件
wx-2247489806-1,docs/articles/2025/0155-wx-2247489806-1.md,21,pending_review,逐图核对来源、许可与再分发条件
wx-2247489759-1,docs/articles/2025/0154-wx-2247489759-1.md,11,pending_review,逐图核对来源、许可与再分发条件
wx-2247489722-1,docs/articles/2025/0153-wx-2247489722-1.md,6,pending_review,逐图核对来源、许可与再分发条件
wx-2247489690-1,docs/articles/2025/0152-wx-2247489690-1.md,21,pending_review,逐图核对来源、许可与再分发条件
wx-2247489689-1,docs/articles/2025/0151-wx-2247489689-1.md,20,pending_review,逐图核对来源、许可与再分发条件
wx-2247489642-1,docs/articles/2025/0150-wx-2247489642-1.md,16,pending_review,逐图核对来源、许可与再分发条件
wx-2247489555-1,docs/articles/2025/0149-wx-2247489555-1.md,28,pending_review,逐图核对来源、许可与再分发条件
wx-2247489501-1,docs/articles/2025/0148-wx-2247489501-1.md,10,pending_review,逐图核对来源、许可与再分发条件
wx-2247489465-1,docs/articles/2025/0147-wx-2247489465-1.md,13,pending_review,逐图核对来源、许可与再分发条件
wx-2247489426-1,docs/articles/2025/0146-wx-2247489426-1.md,13,pending_review,逐图核对来源、许可与再分发条件
wx-2247489387-1,docs/articles/2025/0145-wx-2247489387-1.md,10,pending_review,逐图核对来源、许可与再分发条件
wx-2247489318-1,docs/articles/2025/0144-wx-2247489318-1.md,17,pending_review,逐图核对来源、许可与再分发条件
wx-2247489275-1,docs/articles/2025/0143-wx-2247489275-1.md,0,pending_review,逐图核对来源、许可与再分发条件
wx-2247489235-1,docs/articles/2025/0142-wx-2247489235-1.md,16,pending_review,逐图核对来源、许可与再分发条件
wx-2247489193-1,docs/articles/2025/0141-wx-2247489193-1.md,14,pending_review,逐图核对来源、许可与再分发条件
wx-2247489153-1,docs/articles/2025/0140-wx-2247489153-1.md,18,pending_review,逐图核对来源、许可与再分发条件
wx-2247489109-1,docs/articles/2025/0139-wx-2247489109-1.md,13,pending_review,逐图核对来源、许可与再分发条件
wx-2247489058-1,docs/articles/2025/0138-wx-2247489058-1.md,12,pending_review,逐图核对来源、许可与再分发条件
wx-2247489020-1,docs/articles/2025/0137-wx-2247489020-1.md,24,pending_review,逐图核对来源、许可与再分发条件
wx-2247488970-1,docs/articles/2025/0136-wx-2247488970-1.md,13,pending_review,逐图核对来源、许可与再分发条件
wx-2247488931-1,docs/articles/2025/0135-wx-2247488931-1.md,10,pending_review,逐图核对来源、许可与再分发条件
wx-2247488895-1,docs/articles/2025/0134-wx-2247488895-1.md,13,pending_review,逐图核对来源、许可与再分发条件
wx-2247488856-1,docs/articles/2025/0133-wx-2247488856-1.md,13,pending_review,逐图核对来源、许可与再分发条件
wx-2247488817-1,docs/articles/2025/0132-wx-2247488817-1.md,9,pending_review,逐图核对来源、许可与再分发条件
wx-2247488782-1,docs/articles/2025/0131-wx-2247488782-1.md,29,pending_review,逐图核对来源、许可与再分发条件
wx-2247488727-1,docs/articles/2025/0130-wx-2247488727-1.md,16,pending_review,逐图核对来源、许可与再分发条件
wx-2247488685-1,docs/articles/2025/0129-wx-2247488685-1.md,9,pending_review,逐图核对来源、许可与再分发条件
wx-2247488650-1,docs/articles/2025/0128-wx-2247488650-1.md,7,pending_review,逐图核对来源、许可与再分发条件
wx-2247488617-1,docs/articles/2025/0127-wx-2247488617-1.md,11,pending_review,逐图核对来源、许可与再分发条件
wx-2247488580-1,docs/articles/2025/0126-wx-2247488580-1.md,21,pending_review,逐图核对来源、许可与再分发条件
wx-2247488533-1,docs/articles/2025/0125-wx-2247488533-1.md,12,pending_review,逐图核对来源、许可与再分发条件
wx-2247488495-1,docs/articles/2025/0124-wx-2247488495-1.md,18,pending_review,逐图核对来源、许可与再分发条件
wx-2247488451-1,docs/articles/2025/0123-wx-2247488451-1.md,13,pending_review,逐图核对来源、许可与再分发条件
wx-2247488412-1,docs/articles/2025/0122-wx-2247488412-1.md,17,pending_review,逐图核对来源、许可与再分发条件
wx-2247488369-1,docs/articles/2025/0121-wx-2247488369-1.md,24,pending_review,逐图核对来源、许可与再分发条件
wx-2247488319-1,docs/articles/2025/0120-wx-2247488319-1.md,13,pending_review,逐图核对来源、许可与再分发条件
wx-2247488280-1,docs/articles/2025/0119-wx-2247488280-1.md,8,pending_review,逐图核对来源、许可与再分发条件
wx-2247488246-1,docs/articles/2025/0118-wx-2247488246-1.md,11,pending_review,逐图核对来源、许可与再分发条件
wx-2247488209-1,docs/articles/2025/0117-wx-2247488209-1.md,8,pending_review,逐图核对来源、许可与再分发条件
wx-2247488175-1,docs/articles/2025/0116-wx-2247488175-1.md,9,pending_review,逐图核对来源、许可与再分发条件
wx-2247488140-1,docs/articles/2025/0115-wx-2247488140-1.md,16,pending_review,逐图核对来源、许可与再分发条件
wx-2247488098-1,docs/articles/2025/0114-wx-2247488098-1.md,6,pending_review,逐图核对来源、许可与再分发条件
wx-2247488066-1,docs/articles/2025/0113-wx-2247488066-1.md,24,pending_review,逐图核对来源、许可与再分发条件
wx-2247488016-1,docs/articles/2025/0112-wx-2247488016-1.md,10,pending_review,逐图核对来源、许可与再分发条件
wx-2247487980-1,docs/articles/2025/0111-wx-2247487980-1.md,14,pending_review,逐图核对来源、许可与再分发条件
wx-2247487940-1,docs/articles/2025/0110-wx-2247487940-1.md,13,pending_review,逐图核对来源、许可与再分发条件
wx-2247487901-1,docs/articles/2025/0109-wx-2247487901-1.md,14,pending_review,逐图核对来源、许可与再分发条件
wx-2247487861-1,docs/articles/2025/0108-wx-2247487861-1.md,7,pending_review,逐图核对来源、许可与再分发条件
wx-2247487828-1,docs/articles/2025/0107-wx-2247487828-1.md,22,pending_review,逐图核对来源、许可与再分发条件
wx-2247487780-1,docs/articles/2025/0106-wx-2247487780-1.md,14,pending_review,逐图核对来源、许可与再分发条件
wx-2247487740-1,docs/articles/2025/0105-wx-2247487740-1.md,7,pending_review,逐图核对来源、许可与再分发条件
wx-2247487706-1,docs/articles/2025/0104-wx-2247487706-1.md,19,pending_review,逐图核对来源、许可与再分发条件
wx-2247487661-1,docs/articles/2025/0103-wx-2247487661-1.md,12,pending_review,逐图核对来源、许可与再分发条件
wx-2247487623-1,docs/articles/2025/0102-wx-2247487623-1.md,10,pending_review,逐图核对来源、许可与再分发条件
wx-2247487587-1,docs/articles/2025/0101-wx-2247487587-1.md,10,pending_review,逐图核对来源、许可与再分发条件
wx-2247487551-1,docs/articles/2025/0100-wx-2247487551-1.md,19,pending_review,逐图核对来源、许可与再分发条件
wx-2247487506-1,docs/articles/2025/0099-wx-2247487506-1.md,14,pending_review,逐图核对来源、许可与再分发条件
wx-2247487466-1,docs/articles/2025/0098-wx-2247487466-1.md,7,pending_review,逐图核对来源、许可与再分发条件
wx-2247487433-1,docs/articles/2025/0097-wx-2247487433-1.md,11,pending_review,逐图核对来源、许可与再分发条件
wx-2247487396-1,docs/articles/2025/0096-wx-2247487396-1.md,13,pending_review,逐图核对来源、许可与再分发条件
wx-2247487357-1,docs/articles/2025/0095-wx-2247487357-1.md,17,pending_review,逐图核对来源、许可与再分发条件
wx-2247487314-1,docs/articles/2025/0094-wx-2247487314-1.md,13,pending_review,逐图核对来源、许可与再分发条件
wx-2247487275-1,docs/articles/2025/0093-wx-2247487275-1.md,11,pending_review,逐图核对来源、许可与再分发条件
wx-2247487199-1,docs/articles/2025/0092-wx-2247487199-1.md,13,pending_review,逐图核对来源、许可与再分发条件
wx-2247487160-1,docs/articles/2025/0091-wx-2247487160-1.md,12,pending_review,逐图核对来源、许可与再分发条件
wx-2247487122-1,docs/articles/2025/0090-wx-2247487122-1.md,8,pending_review,逐图核对来源、许可与再分发条件
wx-2247487088-1,docs/articles/2025/0089-wx-2247487088-1.md,11,pending_review,逐图核对来源、许可与再分发条件
wx-2247487048-1,docs/articles/2025/0088-wx-2247487048-1.md,18,pending_review,逐图核对来源、许可与再分发条件
wx-2247487004-1,docs/articles/2025/0087-wx-2247487004-1.md,9,pending_review,逐图核对来源、许可与再分发条件
wx-2247486969-1,docs/articles/2025/0086-wx-2247486969-1.md,12,pending_review,逐图核对来源、许可与再分发条件
wx-2247486931-1,docs/articles/2025/0085-wx-2247486931-1.md,10,pending_review,逐图核对来源、许可与再分发条件
wx-2247486895-1,docs/articles/2025/0084-wx-2247486895-1.md,11,pending_review,逐图核对来源、许可与再分发条件
wx-2247486858-1,docs/articles/2025/0083-wx-2247486858-1.md,16,pending_review,逐图核对来源、许可与再分发条件
wx-2247486816-1,docs/articles/2025/0082-wx-2247486816-1.md,16,pending_review,逐图核对来源、许可与再分发条件
wx-2247486774-1,docs/articles/2025/0081-wx-2247486774-1.md,12,pending_review,逐图核对来源、许可与再分发条件
wx-2247486736-1,docs/articles/2025/0080-wx-2247486736-1.md,7,pending_review,逐图核对来源、许可与再分发条件
wx-2247486703-1,docs/articles/2025/0079-wx-2247486703-1.md,12,pending_review,逐图核对来源、许可与再分发条件
wx-2247486665-1,docs/articles/2025/0078-wx-2247486665-1.md,15,pending_review,逐图核对来源、许可与再分发条件
wx-2247486624-1,docs/articles/2025/0077-wx-2247486624-1.md,4,pending_review,逐图核对来源、许可与再分发条件
wx-2247486594-1,docs/articles/2025/0076-wx-2247486594-1.md,10,pending_review,逐图核对来源、许可与再分发条件
wx-2247486558-1,docs/articles/2025/0075-wx-2247486558-1.md,5,pending_review,逐图核对来源、许可与再分发条件
wx-2247486527-1,docs/articles/2025/0074-wx-2247486527-1.md,11,pending_review,逐图核对来源、许可与再分发条件
wx-2247486490-1,docs/articles/2025/0073-wx-2247486490-1.md,7,pending_review,逐图核对来源、许可与再分发条件
wx-2247486457-1,docs/articles/2025/0072-wx-2247486457-1.md,13,pending_review,逐图核对来源、许可与再分发条件
wx-2247486418-1,docs/articles/2025/0071-wx-2247486418-1.md,8,pending_review,逐图核对来源、许可与再分发条件
wx-2247486384-1,docs/articles/2025/0070-wx-2247486384-1.md,13,pending_review,逐图核对来源、许可与再分发条件
wx-2247486345-1,docs/articles/2025/0069-wx-2247486345-1.md,10,pending_review,逐图核对来源、许可与再分发条件
wx-2247486309-1,docs/articles/2025/0068-wx-2247486309-1.md,9,pending_review,逐图核对来源、许可与再分发条件
wx-2247486274-1,docs/articles/2025/0067-wx-2247486274-1.md,15,pending_review,逐图核对来源、许可与再分发条件
wx-2247486233-1,docs/articles/2025/0066-wx-2247486233-1.md,17,pending_review,逐图核对来源、许可与再分发条件
wx-2247486190-1,docs/articles/2025/0065-wx-2247486190-1.md,21,pending_review,逐图核对来源、许可与再分发条件
wx-2247486143-1,docs/articles/2025/0064-wx-2247486143-1.md,11,pending_review,逐图核对来源、许可与再分发条件
wx-2247486106-1,docs/articles/2025/0063-wx-2247486106-1.md,16,pending_review,逐图核对来源、许可与再分发条件
wx-2247486064-1,docs/articles/2025/0062-wx-2247486064-1.md,10,pending_review,逐图核对来源、许可与再分发条件
wx-2247486026-1,docs/articles/2025/0061-wx-2247486026-1.md,14,pending_review,逐图核对来源、许可与再分发条件
wx-2247485986-1,docs/articles/2025/0060-wx-2247485986-1.md,11,pending_review,逐图核对来源、许可与再分发条件
wx-2247485949-1,docs/articles/2025/0059-wx-2247485949-1.md,12,pending_review,逐图核对来源、许可与再分发条件
wx-2247485911-1,docs/articles/2025/0058-wx-2247485911-1.md,11,pending_review,逐图核对来源、许可与再分发条件
wx-2247485874-1,docs/articles/2025/0057-wx-2247485874-1.md,11,pending_review,逐图核对来源、许可与再分发条件
wx-2247485833-1,docs/articles/2025/0056-wx-2247485833-1.md,14,pending_review,逐图核对来源、许可与再分发条件
wx-2247485793-1,docs/articles/2025/0055-wx-2247485793-1.md,13,pending_review,逐图核对来源、许可与再分发条件
wx-2247485754-1,docs/articles/2025/0054-wx-2247485754-1.md,12,pending_review,逐图核对来源、许可与再分发条件
wx-2247485716-1,docs/articles/2025/0053-wx-2247485716-1.md,13,pending_review,逐图核对来源、许可与再分发条件
wx-2247485677-1,docs/articles/2025/0052-wx-2247485677-1.md,12,pending_review,逐图核对来源、许可与再分发条件
wx-2247485639-1,docs/articles/2025/0051-wx-2247485639-1.md,13,pending_review,逐图核对来源、许可与再分发条件
wx-2247485600-1,docs/articles/2025/0050-wx-2247485600-1.md,3,pending_review,逐图核对来源、许可与再分发条件
wx-2247485571-1,docs/articles/2025/0049-wx-2247485571-1.md,12,pending_review,逐图核对来源、许可与再分发条件
wx-2247485533-1,docs/articles/2025/0048-wx-2247485533-1.md,10,pending_review,逐图核对来源、许可与再分发条件
wx-2247485496-1,docs/articles/2025/0047-wx-2247485496-1.md,14,pending_review,逐图核对来源、许可与再分发条件
wx-2247485456-1,docs/articles/2025/0046-wx-2247485456-1.md,14,pending_review,逐图核对来源、许可与再分发条件
wx-2247485416-1,docs/articles/2025/0045-wx-2247485416-1.md,16,pending_review,逐图核对来源、许可与再分发条件
wx-2247485374-1,docs/articles/2025/0044-wx-2247485374-1.md,21,pending_review,逐图核对来源、许可与再分发条件
wx-2247485331-1,docs/articles/2025/0043-wx-2247485331-1.md,14,pending_review,逐图核对来源、许可与再分发条件
wx-2247485291-1,docs/articles/2025/0042-wx-2247485291-1.md,14,pending_review,逐图核对来源、许可与再分发条件
wx-2247485251-1,docs/articles/2025/0041-wx-2247485251-1.md,13,pending_review,逐图核对来源、许可与再分发条件
wx-2247485212-1,docs/articles/2025/0040-wx-2247485212-1.md,19,pending_review,逐图核对来源、许可与再分发条件
wx-2247485167-1,docs/articles/2025/0039-wx-2247485167-1.md,7,pending_review,逐图核对来源、许可与再分发条件
wx-2247485122-1,docs/articles/2025/0038-wx-2247485122-1.md,14,pending_review,逐图核对来源、许可与再分发条件
wx-2247485082-1,docs/articles/2025/0037-wx-2247485082-1.md,14,pending_review,逐图核对来源、许可与再分发条件
wx-2247485042-1,docs/articles/2025/0036-wx-2247485042-1.md,7,pending_review,逐图核对来源、许可与再分发条件
wx-2247485009-1,docs/articles/2025/0035-wx-2247485009-1.md,10,pending_review,逐图核对来源、许可与再分发条件
wx-2247484973-1,docs/articles/2025/0034-wx-2247484973-1.md,14,pending_review,逐图核对来源、许可与再分发条件
wx-2247484933-1,docs/articles/2025/0033-wx-2247484933-1.md,3,pending_review,逐图核对来源、许可与再分发条件
wx-2247484904-1,docs/articles/2025/0032-wx-2247484904-1.md,26,pending_review,逐图核对来源、许可与再分发条件
wx-2247484852-1,docs/articles/2025/0031-wx-2247484852-1.md,20,pending_review,逐图核对来源、许可与再分发条件
wx-2247484806-1,docs/articles/2025/0030-wx-2247484806-1.md,13,pending_review,逐图核对来源、许可与再分发条件
wx-2247484767-1,docs/articles/2025/0029-wx-2247484767-1.md,13,pending_review,逐图核对来源、许可与再分发条件
wx-2247484728-1,docs/articles/2025/0028-wx-2247484728-1.md,8,pending_review,逐图核对来源、许可与再分发条件
wx-2247484694-1,docs/articles/2025/0027-wx-2247484694-1.md,18,pending_review,逐图核对来源、许可与再分发条件
wx-2247484649-1,docs/articles/2025/0026-wx-2247484649-1.md,19,pending_review,逐图核对来源、许可与再分发条件
wx-2247484602-1,docs/articles/2025/0025-wx-2247484602-1.md,14,pending_review,逐图核对来源、许可与再分发条件
wx-2247484545-1,docs/articles/2025/0024-wx-2247484545-1.md,12,pending_review,逐图核对来源、许可与再分发条件
wx-2247484505-1,docs/articles/2025/0023-wx-2247484505-1.md,9,pending_review,逐图核对来源、许可与再分发条件
wx-2247484468-1,docs/articles/2025/0022-wx-2247484468-1.md,11,pending_review,逐图核对来源、许可与再分发条件
wx-2247484427-1,docs/articles/2025/0021-wx-2247484427-1.md,5,pending_review,逐图核对来源、许可与再分发条件
wx-2247484392-1,docs/articles/2025/0020-wx-2247484392-1.md,7,pending_review,逐图核对来源、许可与再分发条件
wx-2247484355-1,docs/articles/2025/0019-wx-2247484355-1.md,8,pending_review,逐图核对来源、许可与再分发条件
wx-2247484317-1,docs/articles/2025/0018-wx-2247484317-1.md,10,pending_review,逐图核对来源、许可与再分发条件
wx-2247484276-1,docs/articles/2024/0017-wx-2247484276-1.md,5,pending_review,逐图核对来源、许可与再分发条件
wx-2247484261-1,docs/articles/2024/0016-wx-2247484261-1.md,1,pending_review,逐图核对来源、许可与再分发条件
wx-2247484250-1,docs/articles/2024/0015-wx-2247484250-1.md,4,pending_review,逐图核对来源、许可与再分发条件
wx-2247484236-1,docs/articles/2024/0014-wx-2247484236-1.md,4,pending_review,逐图核对来源、许可与再分发条件
wx-2247484222-1,docs/articles/2024/0013-wx-2247484222-1.md,3,pending_review,逐图核对来源、许可与再分发条件
wx-2247484200-1,docs/articles/2024/0012-wx-2247484200-1.md,5,pending_review,逐图核对来源、许可与再分发条件
wx-2247484185-1,docs/articles/2024/0011-wx-2247484185-1.md,4,pending_review,逐图核对来源、许可与再分发条件
wx-2247484171-1,docs/articles/2024/0010-wx-2247484171-1.md,5,pending_review,逐图核对来源、许可与再分发条件
wx-2247484156-1,docs/articles/2024/0009-wx-2247484156-1.md,2,pending_review,逐图核对来源、许可与再分发条件
wx-2247484143-1,docs/articles/2024/0008-wx-2247484143-1.md,6,pending_review,逐图核对来源、许可与再分发条件
wx-2247484115-1,docs/articles/2024/0007-wx-2247484115-1.md,4,pending_review,逐图核对来源、许可与再分发条件
wx-2247484101-1,docs/articles/2024/0006-wx-2247484101-1.md,4,pending_review,逐图核对来源、许可与再分发条件
wx-2247484087-1,docs/articles/2024/0005-wx-2247484087-1.md,3,pending_review,逐图核对来源、许可与再分发条件
wx-2247484074-1,docs/articles/2024/0004-wx-2247484074-1.md,2,pending_review,逐图核对来源、许可与再分发条件
wx-2247484062-1,docs/articles/2024/0003-wx-2247484062-1.md,2,pending_review,逐图核对来源、许可与再分发条件
wx-2247484013-1,docs/articles/2024/0002-wx-2247484013-1.md,3,pending_review,逐图核对来源、许可与再分发条件
wx-2247484000-1,docs/articles/2024/0001-wx-2247484000-1.md,2,pending_review,逐图核对来源、许可与再分发条件
